Indicators,Series Code,Country Name,Country Code,2010
CO2 emissions (kt),EN.ATM.CO2E.KT,Afghanistan,AFG,8576.15
CO2 emissions (kt),EN.ATM.CO2E.KT,Albania,ALB,4785.4
CO2 emissions (kt),EN.ATM.CO2E.KT,Algeria,DZA,114179.4
CO2 emissions (kt),EN.ATM.CO2E.KT,American Samoa,ASM,..
CO2 emissions (kt),EN.ATM.CO2E.KT,Andorra,AND,516.624
CO2 emissions (kt),EN.ATM.CO2E.KT,Angola,AGO,22801.5
CO2 emissions (kt),EN.ATM.CO2E.KT,Antigua and Barbuda,ATG,465.8
CO2 emissions (kt),EN.ATM.CO2E.KT,Argentina,ARG,167226.3
CO2 emissions (kt),EN.ATM.CO2E.KT,Armenia,ARM,4336.6
CO2 emissions (kt),EN.ATM.CO2E.KT,Aruba,ABW,..
CO2 emissions (kt),EN.ATM.CO2E.KT,Australia,AUS,395993.2
CO2 emissions (kt),EN.ATM.CO2E.KT,Austria,AUT,69965.1
CO2 emissions (kt),EN.ATM.CO2E.KT,Azerbaijan,AZE,24311.9
CO2 emissions (kt),EN.ATM.CO2E.KT,"Bahamas, The",BHS,1979.4
CO2 emissions (kt),EN.ATM.CO2E.KT,Bahrain,BHR,25965.7
CO2 emissions (kt),EN.ATM.CO2E.KT,Bangladesh,BGD,50487.6
CO2 emissions (kt),EN.ATM.CO2E.KT,Barbados,BRB,1481.5
CO2 emissions (kt),EN.ATM.CO2E.KT,Belarus,BLR,61443.7
CO2 emissions (kt),EN.ATM.CO2E.KT,Belgium,BEL,106872.8
CO2 emissions (kt),EN.ATM.CO2E.KT,Belize,BLZ,531.2
CO2 emissions (kt),EN.ATM.CO2E.KT,Benin,BEN,4825.1
CO2 emissions (kt),EN.ATM.CO2E.KT,Bermuda,BMU,..
CO2 emissions (kt),EN.ATM.CO2E.KT,Bhutan,BTN,493.18
CO2 emissions (kt),EN.ATM.CO2E.KT,Bolivia,BOL,14702.2
CO2 emissions (kt),EN.ATM.CO2E.KT,Bosnia and Herzegovina,BIH,20842.5
CO2 emissions (kt),EN.ATM.CO2E.KT,Botswana,BWA,3371.7
CO2 emissions (kt),EN.ATM.CO2E.KT,Brazil,BRA,397931.1
CO2 emissions (kt),EN.ATM.CO2E.KT,British Virgin Islands,VGB,..
CO2 emissions (kt),EN.ATM.CO2E.KT,Brunei Darussalam,BRN,7170.8
CO2 emissions (kt),EN.ATM.CO2E.KT,Bulgaria,BGR,44740.6
CO2 emissions (kt),EN.ATM.CO2E.KT,Burkina Faso,BFA,2094.3
CO2 emissions (kt),EN.ATM.CO2E.KT,Burundi,BDI,323.3
CO2 emissions (kt),EN.ATM.CO2E.KT,Cabo Verde,CPV,540.7
CO2 emissions (kt),EN.ATM.CO2E.KT,Cambodia,KHM,5140.8
CO2 emissions (kt),EN.ATM.CO2E.KT,Cameroon,CMR,7014.4
CO2 emissions (kt),EN.ATM.CO2E.KT,Canada,CAN,537091.5
CO2 emissions (kt),EN.ATM.CO2E.KT,Cayman Islands,CYM,..
CO2 emissions (kt),EN.ATM.CO2E.KT,Central African Republic,CAF,174.8
CO2 emissions (kt),EN.ATM.CO2E.KT,Chad,TCD,1190
CO2 emissions (kt),EN.ATM.CO2E.KT,Channel Islands,CHI,..
CO2 emissions (kt),EN.ATM.CO2E.KT,Chile,CHL,69749.1
CO2 emissions (kt),EN.ATM.CO2E.KT,China,CHN,8474922.7
CO2 emissions (kt),EN.ATM.CO2E.KT,Colombia,COL,64146.1
CO2 emissions (kt),EN.ATM.CO2E.KT,Comoros,COM,167.8
CO2 emissions (kt),EN.ATM.CO2E.KT,"Congo, Dem. Rep.",COD,2653.9
CO2 emissions (kt),EN.ATM.CO2E.KT,"Congo, Rep.",COG,5423.35
CO2 emissions (kt),EN.ATM.CO2E.KT,Costa Rica,CRI,7105.5
CO2 emissions (kt),EN.ATM.CO2E.KT,Cote d'Ivoire,CIV,6350.6
CO2 emissions (kt),EN.ATM.CO2E.KT,Croatia,HRV,19457.3
CO2 emissions (kt),EN.ATM.CO2E.KT,Cuba,CUB,28110
CO2 emissions (kt),EN.ATM.CO2E.KT,Curacao,CUW,..
CO2 emissions (kt),EN.ATM.CO2E.KT,Cyprus,CYP,7898.4
CO2 emissions (kt),EN.ATM.CO2E.KT,Czechia,CZE,114167.6
CO2 emissions (kt),EN.ATM.CO2E.KT,Denmark,DNK,48124.8
CO2 emissions (kt),EN.ATM.CO2E.KT,Djibouti,DJI,519.1
CO2 emissions (kt),EN.ATM.CO2E.KT,Dominica,DMA,172.5
CO2 emissions (kt),EN.ATM.CO2E.KT,Dominican Republic,DOM,20680.8
CO2 emissions (kt),EN.ATM.CO2E.KT,Ecuador,ECU,37254
CO2 emissions (kt),EN.ATM.CO2E.KT,"Egypt, Arab Rep.",EGY,200313.3
CO2 emissions (kt),EN.ATM.CO2E.KT,El Salvador,SLV,6539.2
CO2 emissions (kt),EN.ATM.CO2E.KT,Equatorial Guinea,GNQ,6047.8
CO2 emissions (kt),EN.ATM.CO2E.KT,Eritrea,ERI,502.95
CO2 emissions (kt),EN.ATM.CO2E.KT,Estonia,EST,18500.4
CO2 emissions (kt),EN.ATM.CO2E.KT,Eswatini,SWZ,849.2
CO2 emissions (kt),EN.ATM.CO2E.KT,Ethiopia,ETH,6473.2
CO2 emissions (kt),EN.ATM.CO2E.KT,Faroe Islands,FRO,..
CO2 emissions (kt),EN.ATM.CO2E.KT,Fiji,FJI,1126.3
CO2 emissions (kt),EN.ATM.CO2E.KT,Finland,FIN,62526.4
CO2 emissions (kt),EN.ATM.CO2E.KT,France,FRA,347940.1
CO2 emissions (kt),EN.ATM.CO2E.KT,French Polynesia,PYF,..
CO2 emissions (kt),EN.ATM.CO2E.KT,Gabon,GAB,5762.09
CO2 emissions (kt),EN.ATM.CO2E.KT,"Gambia, The",GMB,434.2
CO2 emissions (kt),EN.ATM.CO2E.KT,Georgia,GEO,5322.1
CO2 emissions (kt),EN.ATM.CO2E.KT,Germany,DEU,773069.1
CO2 emissions (kt),EN.ATM.CO2E.KT,Ghana,GHA,10382.6
CO2 emissions (kt),EN.ATM.CO2E.KT,Gibraltar,GIB,..
CO2 emissions (kt),EN.ATM.CO2E.KT,Greece,GRC,87578.5
CO2 emissions (kt),EN.ATM.CO2E.KT,Greenland,GRL,..
CO2 emissions (kt),EN.ATM.CO2E.KT,Grenada,GRD,273.6
CO2 emissions (kt),EN.ATM.CO2E.KT,Guam,GUM,..
CO2 emissions (kt),EN.ATM.CO2E.KT,Guatemala,GTM,11477.6
CO2 emissions (kt),EN.ATM.CO2E.KT,Guinea,GIN,2502.8
CO2 emissions (kt),EN.ATM.CO2E.KT,Guinea-Bissau,GNB,241
CO2 emissions (kt),EN.ATM.CO2E.KT,Guyana,GUY,1759.3
CO2 emissions (kt),EN.ATM.CO2E.KT,Haiti,HTI,2458.2
CO2 emissions (kt),EN.ATM.CO2E.KT,Honduras,HND,7926.8
CO2 emissions (kt),EN.ATM.CO2E.KT,"Hong Kong SAR, China",HKG,..
CO2 emissions (kt),EN.ATM.CO2E.KT,Hungary,HUN,47880.5
CO2 emissions (kt),EN.ATM.CO2E.KT,Iceland,ISL,1959.124
CO2 emissions (kt),EN.ATM.CO2E.KT,India,IND,1659983
CO2 emissions (kt),EN.ATM.CO2E.KT,Indonesia,IDN,415536.6
CO2 emissions (kt),EN.ATM.CO2E.KT,"Iran, Islamic Rep.",IRN,541171.1
CO2 emissions (kt),EN.ATM.CO2E.KT,Iraq,IRQ,108550.3
CO2 emissions (kt),EN.ATM.CO2E.KT,Ireland,IRL,40347.7
CO2 emissions (kt),EN.ATM.CO2E.KT,Isle of Man,IMN,..
CO2 emissions (kt),EN.ATM.CO2E.KT,Israel,ISR,70520.3
CO2 emissions (kt),EN.ATM.CO2E.KT,Italy,ITA,405272.3
CO2 emissions (kt),EN.ATM.CO2E.KT,Jamaica,JAM,7479.8
CO2 emissions (kt),EN.ATM.CO2E.KT,Japan,JPN,1157241.8
CO2 emissions (kt),EN.ATM.CO2E.KT,Jordan,JOR,20196.8
CO2 emissions (kt),EN.ATM.CO2E.KT,Kazakhstan,KAZ,229702.2
CO2 emissions (kt),EN.ATM.CO2E.KT,Kenya,KEN,13424.4
CO2 emissions (kt),EN.ATM.CO2E.KT,Kiribati,KIR,54.3
CO2 emissions (kt),EN.ATM.CO2E.KT,"Korea, Dem. People's Rep.",PRK,51689.8
CO2 emissions (kt),EN.ATM.CO2E.KT,"Korea, Rep.",KOR,575215.7
CO2 emissions (kt),EN.ATM.CO2E.KT,Kosovo,XKX,..
CO2 emissions (kt),EN.ATM.CO2E.KT,Kuwait,KWT,80725.6
CO2 emissions (kt),EN.ATM.CO2E.KT,Kyrgyz Republic,KGZ,6394.4
CO2 emissions (kt),EN.ATM.CO2E.KT,Lao PDR,LAO,2877.1
CO2 emissions (kt),EN.ATM.CO2E.KT,Latvia,LVA,8518.1
CO2 emissions (kt),EN.ATM.CO2E.KT,Lebanon,LBN,20864.3
CO2 emissions (kt),EN.ATM.CO2E.KT,Lesotho,LSO,2158.8
CO2 emissions (kt),EN.ATM.CO2E.KT,Liberia,LBR,729.76
CO2 emissions (kt),EN.ATM.CO2E.KT,Libya,LBY,59559.6
CO2 emissions (kt),EN.ATM.CO2E.KT,Liechtenstein,LIE,190.830439
CO2 emissions (kt),EN.ATM.CO2E.KT,Lithuania,LTU,12603
CO2 emissions (kt),EN.ATM.CO2E.KT,Luxembourg,LUX,11029.1
CO2 emissions (kt),EN.ATM.CO2E.KT,"Macao SAR, China",MAC,..
CO2 emissions (kt),EN.ATM.CO2E.KT,Madagascar,MDG,1869.8
CO2 emissions (kt),EN.ATM.CO2E.KT,Malawi,MWI,984.46
CO2 emissions (kt),EN.ATM.CO2E.KT,Malaysia,MYS,199867
CO2 emissions (kt),EN.ATM.CO2E.KT,Maldives,MDV,963
CO2 emissions (kt),EN.ATM.CO2E.KT,Mali,MLI,2154
CO2 emissions (kt),EN.ATM.CO2E.KT,Malta,MLT,2586.6
CO2 emissions (kt),EN.ATM.CO2E.KT,Marshall Islands,MHL,140.8
CO2 emissions (kt),EN.ATM.CO2E.KT,Mauritania,MRT,2073.7
CO2 emissions (kt),EN.ATM.CO2E.KT,Mauritius,MUS,3661.8
CO2 emissions (kt),EN.ATM.CO2E.KT,Mexico,MEX,462869.5
CO2 emissions (kt),EN.ATM.CO2E.KT,"Micronesia, Fed. Sts.",FSM,105.2
CO2 emissions (kt),EN.ATM.CO2E.KT,Moldova,MDA,8295.1
CO2 emissions (kt),EN.ATM.CO2E.KT,Monaco,MCO,..
CO2 emissions (kt),EN.ATM.CO2E.KT,Mongolia,MNG,14311.1
CO2 emissions (kt),EN.ATM.CO2E.KT,Montenegro,MNE,2584.2
CO2 emissions (kt),EN.ATM.CO2E.KT,Morocco,MAR,51749.5
CO2 emissions (kt),EN.ATM.CO2E.KT,Mozambique,MOZ,2680.6
CO2 emissions (kt),EN.ATM.CO2E.KT,Myanmar,MMR,8131.3
CO2 emissions (kt),EN.ATM.CO2E.KT,Namibia,NAM,3103.5
CO2 emissions (kt),EN.ATM.CO2E.KT,Nauru,NRU,42.7
CO2 emissions (kt),EN.ATM.CO2E.KT,Nepal,NPL,4640.9
CO2 emissions (kt),EN.ATM.CO2E.KT,Netherlands,NLD,171110.5
CO2 emissions (kt),EN.ATM.CO2E.KT,New Caledonia,NCL,..
CO2 emissions (kt),EN.ATM.CO2E.KT,New Zealand,NZL,31049.3
CO2 emissions (kt),EN.ATM.CO2E.KT,Nicaragua,NIC,4513.2
CO2 emissions (kt),EN.ATM.CO2E.KT,Niger,NER,1361.057
CO2 emissions (kt),EN.ATM.CO2E.KT,Nigeria,NGA,90055.2
CO2 emissions (kt),EN.ATM.CO2E.KT,North Macedonia,MKD,8329.6
CO2 emissions (kt),EN.ATM.CO2E.KT,Northern Mariana Islands,MNP,..
CO2 emissions (kt),EN.ATM.CO2E.KT,Norway,NOR,40116.4
CO2 emissions (kt),EN.ATM.CO2E.KT,Oman,OMN,47076.3
CO2 emissions (kt),EN.ATM.CO2E.KT,Pakistan,PAK,140378.6
CO2 emissions (kt),EN.ATM.CO2E.KT,Palau,PLW,214.8
CO2 emissions (kt),EN.ATM.CO2E.KT,Panama,PAN,9190.6
CO2 emissions (kt),EN.ATM.CO2E.KT,Papua New Guinea,PNG,5042
CO2 emissions (kt),EN.ATM.CO2E.KT,Paraguay,PRY,5043.3
CO2 emissions (kt),EN.ATM.CO2E.KT,Peru,PER,44998.5
CO2 emissions (kt),EN.ATM.CO2E.KT,Philippines,PHL,81917.8
CO2 emissions (kt),EN.ATM.CO2E.KT,Poland,POL,313739.1
CO2 emissions (kt),EN.ATM.CO2E.KT,Portugal,PRT,50937.3
CO2 emissions (kt),EN.ATM.CO2E.KT,Puerto Rico,PRI,..
CO2 emissions (kt),EN.ATM.CO2E.KT,Qatar,QAT,60912.1
CO2 emissions (kt),EN.ATM.CO2E.KT,Romania,ROU,77601.9
CO2 emissions (kt),EN.ATM.CO2E.KT,Russian Federation,RUS,1617827.5
CO2 emissions (kt),EN.ATM.CO2E.KT,Rwanda,RWA,703.68
CO2 emissions (kt),EN.ATM.CO2E.KT,Samoa,WSM,192.4
CO2 emissions (kt),EN.ATM.CO2E.KT,San Marino,SMR,..
CO2 emissions (kt),EN.ATM.CO2E.KT,Sao Tome and Principe,STP,102.8
CO2 emissions (kt),EN.ATM.CO2E.KT,Saudi Arabia,SAU,446131.5
CO2 emissions (kt),EN.ATM.CO2E.KT,Senegal,SEN,7026.2
CO2 emissions (kt),EN.ATM.CO2E.KT,Serbia,SRB,47103.9
CO2 emissions (kt),EN.ATM.CO2E.KT,Seychelles,SYC,443.7
CO2 emissions (kt),EN.ATM.CO2E.KT,Sierra Leone,SLE,560.2
CO2 emissions (kt),EN.ATM.CO2E.KT,Singapore,SGP,42413.6
CO2 emissions (kt),EN.ATM.CO2E.KT,Sint Maarten (Dutch part),SXM,..
CO2 emissions (kt),EN.ATM.CO2E.KT,Slovak Republic,SVK,35432.2
CO2 emissions (kt),EN.ATM.CO2E.KT,Slovenia,SVN,15777.2
CO2 emissions (kt),EN.ATM.CO2E.KT,Solomon Islands,SLB,342.8
CO2 emissions (kt),EN.ATM.CO2E.KT,Somalia,SOM,631.2
CO2 emissions (kt),EN.ATM.CO2E.KT,South Africa,ZAF,425548.4
CO2 emissions (kt),EN.ATM.CO2E.KT,South Sudan,SSD,1313.250224
CO2 emissions (kt),EN.ATM.CO2E.KT,Spain,ESP,274140.6
CO2 emissions (kt),EN.ATM.CO2E.KT,Sri Lanka,LKA,13071.8
CO2 emissions (kt),EN.ATM.CO2E.KT,St. Kitts and Nevis,KNA,229.2
CO2 emissions (kt),EN.ATM.CO2E.KT,St. Lucia,LCA,507.7
CO2 emissions (kt),EN.ATM.CO2E.KT,St. Martin (French part),MAF,..
CO2 emissions (kt),EN.ATM.CO2E.KT,St. Vincent and the Grenadines,VCT,233.6
CO2 emissions (kt),EN.ATM.CO2E.KT,Sudan,SDN,16427.4
CO2 emissions (kt),EN.ATM.CO2E.KT,Suriname,SUR,1744.87
CO2 emissions (kt),EN.ATM.CO2E.KT,Sweden,SWE,47985.5
CO2 emissions (kt),EN.ATM.CO2E.KT,Switzerland,CHE,45207.8
CO2 emissions (kt),EN.ATM.CO2E.KT,Syrian Arab Republic,SYR,61090.7
CO2 emissions (kt),EN.ATM.CO2E.KT,Tajikistan,TJK,2446.9
CO2 emissions (kt),EN.ATM.CO2E.KT,Tanzania,TZA,6909.9
CO2 emissions (kt),EN.ATM.CO2E.KT,Thailand,THA,240768.3
CO2 emissions (kt),EN.ATM.CO2E.KT,Timor-Leste,TLS,244.1
CO2 emissions (kt),EN.ATM.CO2E.KT,Togo,TGO,2630.1
CO2 emissions (kt),EN.ATM.CO2E.KT,Tonga,TON,117.7
CO2 emissions (kt),EN.ATM.CO2E.KT,Trinidad and Tobago,TTO,21443
CO2 emissions (kt),EN.ATM.CO2E.KT,Tunisia,TUN,28321.5
CO2 emissions (kt),EN.ATM.CO2E.KT,Turkiye,TUR,297814
CO2 emissions (kt),EN.ATM.CO2E.KT,Turkmenistan,TKM,59175.1
CO2 emissions (kt),EN.ATM.CO2E.KT,Turks and Caicos Islands,TCA,..
CO2 emissions (kt),EN.ATM.CO2E.KT,Tuvalu,TUV,9.6
CO2 emissions (kt),EN.ATM.CO2E.KT,Uganda,UGA,3332
CO2 emissions (kt),EN.ATM.CO2E.KT,Ukraine,UKR,268924.6
CO2 emissions (kt),EN.ATM.CO2E.KT,United Arab Emirates,ARE,162788.9
CO2 emissions (kt),EN.ATM.CO2E.KT,United Kingdom,GBR,482646.2
CO2 emissions (kt),EN.ATM.CO2E.KT,United States,USA,5392109.4
CO2 emissions (kt),EN.ATM.CO2E.KT,Uruguay,URY,6283.8
CO2 emissions (kt),EN.ATM.CO2E.KT,Uzbekistan,UZB,126240.5
CO2 emissions (kt),EN.ATM.CO2E.KT,Vanuatu,VUT,127.1
CO2 emissions (kt),EN.ATM.CO2E.KT,"Venezuela, RB",VEN,164101.6
CO2 emissions (kt),EN.ATM.CO2E.KT,Viet Nam,VNM,151413.5
CO2 emissions (kt),EN.ATM.CO2E.KT,Virgin Islands (U.S.),VIR,..
CO2 emissions (kt),EN.ATM.CO2E.KT,West Bank and Gaza,PSE,..
CO2 emissions (kt),EN.ATM.CO2E.KT,"Yemen, Rep.",YEM,25431.9
CO2 emissions (kt),EN.ATM.CO2E.KT,Zambia,ZMB,2656.9
CO2 emissions (kt),EN.ATM.CO2E.KT,Zimbabwe,ZWE,9518
"Population, total",SP.POP.TOTL,Afghanistan,AFG,28189672
"Population, total",SP.POP.TOTL,Albania,ALB,2913021
"Population, total",SP.POP.TOTL,Algeria,DZA,35856344
"Population, total",SP.POP.TOTL,American Samoa,ASM,54849
"Population, total",SP.POP.TOTL,Andorra,AND,71519
"Population, total",SP.POP.TOTL,Angola,AGO,23364185
"Population, total",SP.POP.TOTL,Antigua and Barbuda,ATG,85695
"Population, total",SP.POP.TOTL,Argentina,ARG,40788453
"Population, total",SP.POP.TOTL,Armenia,ARM,2946293
"Population, total",SP.POP.TOTL,Aruba,ABW,100341
"Population, total",SP.POP.TOTL,Australia,AUS,22031750
"Population, total",SP.POP.TOTL,Austria,AUT,8363404
"Population, total",SP.POP.TOTL,Azerbaijan,AZE,9054332
"Population, total",SP.POP.TOTL,"Bahamas, The",BHS,373272
"Population, total",SP.POP.TOTL,Bahrain,BHR,1213645
"Population, total",SP.POP.TOTL,Bangladesh,BGD,148391139
"Population, total",SP.POP.TOTL,Barbados,BRB,274711
"Population, total",SP.POP.TOTL,Belarus,BLR,9483836
"Population, total",SP.POP.TOTL,Belgium,BEL,10895586
"Population, total",SP.POP.TOTL,Belize,BLZ,322106
"Population, total",SP.POP.TOTL,Benin,BEN,9445710
"Population, total",SP.POP.TOTL,Bermuda,BMU,65124
"Population, total",SP.POP.TOTL,Bhutan,BTN,705516
"Population, total",SP.POP.TOTL,Bolivia,BOL,10223270
"Population, total",SP.POP.TOTL,Bosnia and Herzegovina,BIH,3811088
"Population, total",SP.POP.TOTL,Botswana,BWA,2091664
"Population, total",SP.POP.TOTL,Brazil,BRA,196353492
"Population, total",SP.POP.TOTL,British Virgin Islands,VGB,27556
"Population, total",SP.POP.TOTL,Brunei Darussalam,BRN,396053
"Population, total",SP.POP.TOTL,Bulgaria,BGR,7395599
"Population, total",SP.POP.TOTL,Burkina Faso,BFA,16116845
"Population, total",SP.POP.TOTL,Burundi,BDI,9126605
"Population, total",SP.POP.TOTL,Cabo Verde,CPV,521212
"Population, total",SP.POP.TOTL,Cambodia,KHM,14363532
"Population, total",SP.POP.TOTL,Cameroon,CMR,19878036
"Population, total",SP.POP.TOTL,Canada,CAN,34004889
"Population, total",SP.POP.TOTL,Cayman Islands,CYM,54074
"Population, total",SP.POP.TOTL,Central African Republic,CAF,4660067
"Population, total",SP.POP.TOTL,Chad,TCD,11894727
"Population, total",SP.POP.TOTL,Channel Islands,CHI,156933
"Population, total",SP.POP.TOTL,Chile,CHL,17004162
"Population, total",SP.POP.TOTL,China,CHN,1337705000
"Population, total",SP.POP.TOTL,Colombia,COL,44816108
"Population, total",SP.POP.TOTL,Comoros,COM,656024
"Population, total",SP.POP.TOTL,"Congo, Dem. Rep.",COD,66391257
"Population, total",SP.POP.TOTL,"Congo, Rep.",COG,4437884
"Population, total",SP.POP.TOTL,Costa Rica,CRI,4622252
"Population, total",SP.POP.TOTL,Cote d'Ivoire,CIV,21120042
"Population, total",SP.POP.TOTL,Croatia,HRV,4295427
"Population, total",SP.POP.TOTL,Cuba,CUB,11290417
"Population, total",SP.POP.TOTL,Curacao,CUW,148703
"Population, total",SP.POP.TOTL,Cyprus,CYP,1129686
"Population, total",SP.POP.TOTL,Czechia,CZE,10474410
"Population, total",SP.POP.TOTL,Denmark,DNK,5547683
"Population, total",SP.POP.TOTL,Djibouti,DJI,919199
"Population, total",SP.POP.TOTL,Dominica,DMA,68755
"Population, total",SP.POP.TOTL,Dominican Republic,DOM,9775755
"Population, total",SP.POP.TOTL,Ecuador,ECU,14989585
"Population, total",SP.POP.TOTL,"Egypt, Arab Rep.",EGY,87252413
"Population, total",SP.POP.TOTL,El Salvador,SLV,6114034
"Population, total",SP.POP.TOTL,Equatorial Guinea,GNQ,1094524
"Population, total",SP.POP.TOTL,Eritrea,ERI,3147727
"Population, total",SP.POP.TOTL,Estonia,EST,1331475
"Population, total",SP.POP.TOTL,Eswatini,SWZ,1099920
"Population, total",SP.POP.TOTL,Ethiopia,ETH,89237791
"Population, total",SP.POP.TOTL,Faroe Islands,FRO,48410
"Population, total",SP.POP.TOTL,Fiji,FJI,905169
"Population, total",SP.POP.TOTL,Finland,FIN,5363352
"Population, total",SP.POP.TOTL,France,FRA,65030575
"Population, total",SP.POP.TOTL,French Polynesia,PYF,283788
"Population, total",SP.POP.TOTL,Gabon,GAB,1711105
"Population, total",SP.POP.TOTL,"Gambia, The",GMB,1937275
"Population, total",SP.POP.TOTL,Georgia,GEO,3786695
"Population, total",SP.POP.TOTL,Germany,DEU,81776930
"Population, total",SP.POP.TOTL,Ghana,GHA,25574719
"Population, total",SP.POP.TOTL,Gibraltar,GIB,31262
"Population, total",SP.POP.TOTL,Greece,GRC,11121341
"Population, total",SP.POP.TOTL,Greenland,GRL,56905
"Population, total",SP.POP.TOTL,Grenada,GRD,114039
"Population, total",SP.POP.TOTL,Guam,GUM,164905
"Population, total",SP.POP.TOTL,Guatemala,GTM,14259687
"Population, total",SP.POP.TOTL,Guinea,GIN,10270728
"Population, total",SP.POP.TOTL,Guinea-Bissau,GNB,1567220
"Population, total",SP.POP.TOTL,Guyana,GUY,747932
"Population, total",SP.POP.TOTL,Haiti,HTI,9842880
"Population, total",SP.POP.TOTL,Honduras,HND,8450933
"Population, total",SP.POP.TOTL,"Hong Kong SAR, China",HKG,7024200
"Population, total",SP.POP.TOTL,Hungary,HUN,10000023
"Population, total",SP.POP.TOTL,Iceland,ISL,318041
"Population, total",SP.POP.TOTL,India,IND,1240613620
"Population, total",SP.POP.TOTL,Indonesia,IDN,244016173
"Population, total",SP.POP.TOTL,"Iran, Islamic Rep.",IRN,75373855
"Population, total",SP.POP.TOTL,Iraq,IRQ,31264875
"Population, total",SP.POP.TOTL,Ireland,IRL,4560155
"Population, total",SP.POP.TOTL,Isle of Man,IMN,83828
"Population, total",SP.POP.TOTL,Israel,ISR,7623600
"Population, total",SP.POP.TOTL,Italy,ITA,59277417
"Population, total",SP.POP.TOTL,Jamaica,JAM,2733896
"Population, total",SP.POP.TOTL,Japan,JPN,128070000
"Population, total",SP.POP.TOTL,Jordan,JOR,6931258
"Population, total",SP.POP.TOTL,Kazakhstan,KAZ,16321872
"Population, total",SP.POP.TOTL,Kenya,KEN,41517895
"Population, total",SP.POP.TOTL,Kiribati,KIR,107995
"Population, total",SP.POP.TOTL,"Korea, Dem. People's Rep.",PRK,24686435
"Population, total",SP.POP.TOTL,"Korea, Rep.",KOR,49554112
"Population, total",SP.POP.TOTL,Kosovo,XKX,1775680
"Population, total",SP.POP.TOTL,Kuwait,KWT,2943356
"Population, total",SP.POP.TOTL,Kyrgyz Republic,KGZ,5447900
"Population, total",SP.POP.TOTL,Lao PDR,LAO,6323418
"Population, total",SP.POP.TOTL,Latvia,LVA,2097555
"Population, total",SP.POP.TOTL,Lebanon,LBN,4995800
"Population, total",SP.POP.TOTL,Lesotho,LSO,2022747
"Population, total",SP.POP.TOTL,Liberia,LBR,4019956
"Population, total",SP.POP.TOTL,Libya,LBY,6491988
"Population, total",SP.POP.TOTL,Liechtenstein,LIE,35926
"Population, total",SP.POP.TOTL,Lithuania,LTU,3097282
"Population, total",SP.POP.TOTL,Luxembourg,LUX,506953
"Population, total",SP.POP.TOTL,"Macao SAR, China",MAC,557297
"Population, total",SP.POP.TOTL,Madagascar,MDG,21731053
"Population, total",SP.POP.TOTL,Malawi,MWI,14718422
"Population, total",SP.POP.TOTL,Malaysia,MYS,28717731
"Population, total",SP.POP.TOTL,Maldives,MDV,361575
"Population, total",SP.POP.TOTL,Mali,MLI,15529181
"Population, total",SP.POP.TOTL,Malta,MLT,414508
"Population, total",SP.POP.TOTL,Marshall Islands,MHL,53416
"Population, total",SP.POP.TOTL,Mauritania,MRT,3419461
"Population, total",SP.POP.TOTL,Mauritius,MUS,1250400
"Population, total",SP.POP.TOTL,Mexico,MEX,112532401
"Population, total",SP.POP.TOTL,"Micronesia, Fed. Sts.",FSM,107588
"Population, total",SP.POP.TOTL,Moldova,MDA,2862354
"Population, total",SP.POP.TOTL,Monaco,MCO,33178
"Population, total",SP.POP.TOTL,Mongolia,MNG,2702520
"Population, total",SP.POP.TOTL,Montenegro,MNE,619428
"Population, total",SP.POP.TOTL,Morocco,MAR,32464865
"Population, total",SP.POP.TOTL,Mozambique,MOZ,23073723
"Population, total",SP.POP.TOTL,Myanmar,MMR,49390988
"Population, total",SP.POP.TOTL,Namibia,NAM,2099271
"Population, total",SP.POP.TOTL,Nauru,NRU,10241
"Population, total",SP.POP.TOTL,Nepal,NPL,27161567
"Population, total",SP.POP.TOTL,Netherlands,NLD,16615394
"Population, total",SP.POP.TOTL,New Caledonia,NCL,249750
"Population, total",SP.POP.TOTL,New Zealand,NZL,4350700
"Population, total",SP.POP.TOTL,Nicaragua,NIC,5855734
"Population, total",SP.POP.TOTL,Niger,NER,16647543
"Population, total",SP.POP.TOTL,Nigeria,NGA,160952853
"Population, total",SP.POP.TOTL,North Macedonia,MKD,2055004
"Population, total",SP.POP.TOTL,Northern Mariana Islands,MNP,54087
"Population, total",SP.POP.TOTL,Norway,NOR,4889252
"Population, total",SP.POP.TOTL,Oman,OMN,2881914
"Population, total",SP.POP.TOTL,Pakistan,PAK,194454498
"Population, total",SP.POP.TOTL,Palau,PLW,18540
"Population, total",SP.POP.TOTL,Panama,PAN,3623617
"Population, total",SP.POP.TOTL,Papua New Guinea,PNG,7583269
"Population, total",SP.POP.TOTL,Paraguay,PRY,5768613
"Population, total",SP.POP.TOTL,Peru,PER,29229572
"Population, total",SP.POP.TOTL,Philippines,PHL,94636700
"Population, total",SP.POP.TOTL,Poland,POL,38042794
"Population, total",SP.POP.TOTL,Portugal,PRT,10573100
"Population, total",SP.POP.TOTL,Puerto Rico,PRI,3721525
"Population, total",SP.POP.TOTL,Qatar,QAT,1713504
"Population, total",SP.POP.TOTL,Romania,ROU,20246871
"Population, total",SP.POP.TOTL,Russian Federation,RUS,142849468
"Population, total",SP.POP.TOTL,Rwanda,RWA,10309031
"Population, total",SP.POP.TOTL,Samoa,WSM,194672
"Population, total",SP.POP.TOTL,San Marino,SMR,31608
"Population, total",SP.POP.TOTL,Sao Tome and Principe,STP,182138
"Population, total",SP.POP.TOTL,Saudi Arabia,SAU,29411929
"Population, total",SP.POP.TOTL,Senegal,SEN,12530121
"Population, total",SP.POP.TOTL,Serbia,SRB,7291436
"Population, total",SP.POP.TOTL,Seychelles,SYC,89770
"Population, total",SP.POP.TOTL,Sierra Leone,SLE,6436698
"Population, total",SP.POP.TOTL,Singapore,SGP,5076732
"Population, total",SP.POP.TOTL,Sint Maarten (Dutch part),SXM,34056
"Population, total",SP.POP.TOTL,Slovak Republic,SVK,5391428
"Population, total",SP.POP.TOTL,Slovenia,SVN,2048583
"Population, total",SP.POP.TOTL,Solomon Islands,SLB,540394
"Population, total",SP.POP.TOTL,Somalia,SOM,12026649
"Population, total",SP.POP.TOTL,South Africa,ZAF,51784921
"Population, total",SP.POP.TOTL,South Sudan,SSD,9714419
"Population, total",SP.POP.TOTL,Spain,ESP,46576897
"Population, total",SP.POP.TOTL,Sri Lanka,LKA,20668557
"Population, total",SP.POP.TOTL,St. Kitts and Nevis,KNA,47403
"Population, total",SP.POP.TOTL,St. Lucia,LCA,170935
"Population, total",SP.POP.TOTL,St. Martin (French part),MAF,36458
"Population, total",SP.POP.TOTL,St. Vincent and the Grenadines,VCT,109308
"Population, total",SP.POP.TOTL,Sudan,SDN,33739933
"Population, total",SP.POP.TOTL,Suriname,SUR,546080
"Population, total",SP.POP.TOTL,Sweden,SWE,9378126
"Population, total",SP.POP.TOTL,Switzerland,CHE,7824909
"Population, total",SP.POP.TOTL,Syrian Arab Republic,SYR,22337563
"Population, total",SP.POP.TOTL,Tajikistan,TJK,7621779
"Population, total",SP.POP.TOTL,Tanzania,TZA,45110527
"Population, total",SP.POP.TOTL,Thailand,THA,68270489
"Population, total",SP.POP.TOTL,Timor-Leste,TLS,1088486
"Population, total",SP.POP.TOTL,Togo,TGO,6571855
"Population, total",SP.POP.TOTL,Tonga,TON,107383
"Population, total",SP.POP.TOTL,Trinidad and Tobago,TTO,1410296
"Population, total",SP.POP.TOTL,Tunisia,TUN,10895063
"Population, total",SP.POP.TOTL,Turkiye,TUR,73142150
"Population, total",SP.POP.TOTL,Turkmenistan,TKM,5267970
"Population, total",SP.POP.TOTL,Turks and Caicos Islands,TCA,29726
"Population, total",SP.POP.TOTL,Tuvalu,TUV,10550
"Population, total",SP.POP.TOTL,Uganda,UGA,32341728
"Population, total",SP.POP.TOTL,Ukraine,UKR,45870741
"Population, total",SP.POP.TOTL,United Arab Emirates,ARE,8481771
"Population, total",SP.POP.TOTL,United Kingdom,GBR,62766365
"Population, total",SP.POP.TOTL,United States,USA,309327143
"Population, total",SP.POP.TOTL,Uruguay,URY,3352651
"Population, total",SP.POP.TOTL,Uzbekistan,UZB,28562400
"Population, total",SP.POP.TOTL,Vanuatu,VUT,245453
"Population, total",SP.POP.TOTL,"Venezuela, RB",VEN,28715022
"Population, total",SP.POP.TOTL,Viet Nam,VNM,87411012
"Population, total",SP.POP.TOTL,Virgin Islands (U.S.),VIR,108357
"Population, total",SP.POP.TOTL,West Bank and Gaza,PSE,3786161
"Population, total",SP.POP.TOTL,"Yemen, Rep.",YEM,24743946
"Population, total",SP.POP.TOTL,Zambia,ZMB,13792086
"Population, total",SP.POP.TOTL,Zimbabwe,ZWE,12839771
Agricultural land (sq. km),AG.LND.AGRI.K2,Afghanistan,AFG,379170
Agricultural land (sq. km),AG.LND.AGRI.K2,Albania,ALB,12013
Agricultural land (sq. km),AG.LND.AGRI.K2,Algeria,DZA,413740
Agricultural land (sq. km),AG.LND.AGRI.K2,American Samoa,ASM,25.7
Agricultural land (sq. km),AG.LND.AGRI.K2,Andorra,AND,197.7
Agricultural land (sq. km),AG.LND.AGRI.K2,Angola,AGO,448500
Agricultural land (sq. km),AG.LND.AGRI.K2,Antigua and Barbuda,ATG,90
Agricultural land (sq. km),AG.LND.AGRI.K2,Argentina,ARG,1262679
Agricultural land (sq. km),AG.LND.AGRI.K2,Armenia,ARM,17350
Agricultural land (sq. km),AG.LND.AGRI.K2,Aruba,ABW,20
Agricultural land (sq. km),AG.LND.AGRI.K2,Australia,AUS,3763720
Agricultural land (sq. km),AG.LND.AGRI.K2,Austria,AUT,27792
Agricultural land (sq. km),AG.LND.AGRI.K2,Azerbaijan,AZE,47668
Agricultural land (sq. km),AG.LND.AGRI.K2,"Bahamas, The",BHS,120
Agricultural land (sq. km),AG.LND.AGRI.K2,Bahrain,BHR,88.5
Agricultural land (sq. km),AG.LND.AGRI.K2,Bangladesh,BGD,92410
Agricultural land (sq. km),AG.LND.AGRI.K2,Barbados,BRB,150
Agricultural land (sq. km),AG.LND.AGRI.K2,Belarus,BLR,88980
Agricultural land (sq. km),AG.LND.AGRI.K2,Belgium,BEL,13557
Agricultural land (sq. km),AG.LND.AGRI.K2,Belize,BLZ,1570
Agricultural land (sq. km),AG.LND.AGRI.K2,Benin,BEN,36500
Agricultural land (sq. km),AG.LND.AGRI.K2,Bermuda,BMU,3
Agricultural land (sq. km),AG.LND.AGRI.K2,Bhutan,BTN,5200
Agricultural land (sq. km),AG.LND.AGRI.K2,Bolivia,BOL,374525
Agricultural land (sq. km),AG.LND.AGRI.K2,Bosnia and Herzegovina,BIH,21440
Agricultural land (sq. km),AG.LND.AGRI.K2,Botswana,BWA,258610
Agricultural land (sq. km),AG.LND.AGRI.K2,Brazil,BRA,2318342
Agricultural land (sq. km),AG.LND.AGRI.K2,British Virgin Islands,VGB,70
Agricultural land (sq. km),AG.LND.AGRI.K2,Brunei Darussalam,BRN,134
Agricultural land (sq. km),AG.LND.AGRI.K2,Bulgaria,BGR,50520
Agricultural land (sq. km),AG.LND.AGRI.K2,Burkina Faso,BFA,112420
Agricultural land (sq. km),AG.LND.AGRI.K2,Burundi,BDI,18330
Agricultural land (sq. km),AG.LND.AGRI.K2,Cabo Verde,CPV,780
Agricultural land (sq. km),AG.LND.AGRI.K2,Cambodia,KHM,54030
Agricultural land (sq. km),AG.LND.AGRI.K2,Cameroon,CMR,97000
Agricultural land (sq. km),AG.LND.AGRI.K2,Canada,CAN,582800
Agricultural land (sq. km),AG.LND.AGRI.K2,Cayman Islands,CYM,27
Agricultural land (sq. km),AG.LND.AGRI.K2,Central African Republic,CAF,49070
Agricultural land (sq. km),AG.LND.AGRI.K2,Chad,TCD,492350
Agricultural land (sq. km),AG.LND.AGRI.K2,Channel Islands,CHI,91.1
Agricultural land (sq. km),AG.LND.AGRI.K2,Chile,CHL,146314.22
Agricultural land (sq. km),AG.LND.AGRI.K2,China,CHN,5274623
Agricultural land (sq. km),AG.LND.AGRI.K2,Colombia,COL,425030
Agricultural land (sq. km),AG.LND.AGRI.K2,Comoros,COM,1330
Agricultural land (sq. km),AG.LND.AGRI.K2,"Congo, Dem. Rep.",COD,284290
Agricultural land (sq. km),AG.LND.AGRI.K2,"Congo, Rep.",COG,105760
Agricultural land (sq. km),AG.LND.AGRI.K2,Costa Rica,CRI,18190
Agricultural land (sq. km),AG.LND.AGRI.K2,Cote d'Ivoire,CIV,206000
Agricultural land (sq. km),AG.LND.AGRI.K2,Croatia,HRV,13338
Agricultural land (sq. km),AG.LND.AGRI.K2,Cuba,CUB,64612
Agricultural land (sq. km),AG.LND.AGRI.K2,Curacao,CUW,..
Agricultural land (sq. km),AG.LND.AGRI.K2,Cyprus,CYP,1145
Agricultural land (sq. km),AG.LND.AGRI.K2,Czechia,CZE,35239.2
Agricultural land (sq. km),AG.LND.AGRI.K2,Denmark,DNK,26260
Agricultural land (sq. km),AG.LND.AGRI.K2,Djibouti,DJI,17023
Agricultural land (sq. km),AG.LND.AGRI.K2,Dominica,DMA,250
Agricultural land (sq. km),AG.LND.AGRI.K2,Dominican Republic,DOM,23970
Agricultural land (sq. km),AG.LND.AGRI.K2,Ecuador,ECU,74977
Agricultural land (sq. km),AG.LND.AGRI.K2,"Egypt, Arab Rep.",EGY,36710
Agricultural land (sq. km),AG.LND.AGRI.K2,El Salvador,SLV,12299
Agricultural land (sq. km),AG.LND.AGRI.K2,Equatorial Guinea,GNQ,1036.3
Agricultural land (sq. km),AG.LND.AGRI.K2,Eritrea,ERI,75920
Agricultural land (sq. km),AG.LND.AGRI.K2,Estonia,EST,9488
Agricultural land (sq. km),AG.LND.AGRI.K2,Eswatini,SWZ,12210.433
Agricultural land (sq. km),AG.LND.AGRI.K2,Ethiopia,ETH,356830
Agricultural land (sq. km),AG.LND.AGRI.K2,Faroe Islands,FRO,963.95
Agricultural land (sq. km),AG.LND.AGRI.K2,Fiji,FJI,3191
Agricultural land (sq. km),AG.LND.AGRI.K2,Finland,FIN,22919
Agricultural land (sq. km),AG.LND.AGRI.K2,France,FRA,289263
Agricultural land (sq. km),AG.LND.AGRI.K2,French Polynesia,PYF,445
Agricultural land (sq. km),AG.LND.AGRI.K2,Gabon,GAB,21175.9
Agricultural land (sq. km),AG.LND.AGRI.K2,"Gambia, The",GMB,6440
Agricultural land (sq. km),AG.LND.AGRI.K2,Georgia,GEO,24600
Agricultural land (sq. km),AG.LND.AGRI.K2,Germany,DEU,167000
Agricultural land (sq. km),AG.LND.AGRI.K2,Ghana,GHA,124004.38
Agricultural land (sq. km),AG.LND.AGRI.K2,Gibraltar,GIB,..
Agricultural land (sq. km),AG.LND.AGRI.K2,Greece,GRC,74890
Agricultural land (sq. km),AG.LND.AGRI.K2,Greenland,GRL,2428
Agricultural land (sq. km),AG.LND.AGRI.K2,Grenada,GRD,100
Agricultural land (sq. km),AG.LND.AGRI.K2,Guam,GUM,180
Agricultural land (sq. km),AG.LND.AGRI.K2,Guatemala,GTM,43172
Agricultural land (sq. km),AG.LND.AGRI.K2,Guinea,GIN,143000
Agricultural land (sq. km),AG.LND.AGRI.K2,Guinea-Bissau,GNB,7475.7
Agricultural land (sq. km),AG.LND.AGRI.K2,Guyana,GUY,10420
Agricultural land (sq. km),AG.LND.AGRI.K2,Haiti,HTI,19840
Agricultural land (sq. km),AG.LND.AGRI.K2,Honduras,HND,32680
Agricultural land (sq. km),AG.LND.AGRI.K2,"Hong Kong SAR, China",HKG,55
Agricultural land (sq. km),AG.LND.AGRI.K2,Hungary,HUN,53430
Agricultural land (sq. km),AG.LND.AGRI.K2,Iceland,ISL,18740
Agricultural land (sq. km),AG.LND.AGRI.K2,India,IND,1795730
Agricultural land (sq. km),AG.LND.AGRI.K2,Indonesia,IDN,553800
Agricultural land (sq. km),AG.LND.AGRI.K2,"Iran, Islamic Rep.",IRN,465394
Agricultural land (sq. km),AG.LND.AGRI.K2,Iraq,IRQ,82200
Agricultural land (sq. km),AG.LND.AGRI.K2,Ireland,IRL,45680
Agricultural land (sq. km),AG.LND.AGRI.K2,Isle of Man,IMN,433.8
Agricultural land (sq. km),AG.LND.AGRI.K2,Israel,ISR,5045
Agricultural land (sq. km),AG.LND.AGRI.K2,Italy,ITA,143278
Agricultural land (sq. km),AG.LND.AGRI.K2,Jamaica,JAM,4213
Agricultural land (sq. km),AG.LND.AGRI.K2,Japan,JPN,49530
Agricultural land (sq. km),AG.LND.AGRI.K2,Jordan,JOR,10023
Agricultural land (sq. km),AG.LND.AGRI.K2,Kazakhstan,KAZ,2171618
Agricultural land (sq. km),AG.LND.AGRI.K2,Kenya,KEN,273100
Agricultural land (sq. km),AG.LND.AGRI.K2,Kiribati,KIR,340
Agricultural land (sq. km),AG.LND.AGRI.K2,"Korea, Dem. People's Rep.",PRK,26800
Agricultural land (sq. km),AG.LND.AGRI.K2,"Korea, Rep.",KOR,17730
Agricultural land (sq. km),AG.LND.AGRI.K2,Kosovo,XKX,..
Agricultural land (sq. km),AG.LND.AGRI.K2,Kuwait,KWT,1520
Agricultural land (sq. km),AG.LND.AGRI.K2,Kyrgyz Republic,KGZ,106119
Agricultural land (sq. km),AG.LND.AGRI.K2,Lao PDR,LAO,22200
Agricultural land (sq. km),AG.LND.AGRI.K2,Latvia,LVA,18050
Agricultural land (sq. km),AG.LND.AGRI.K2,Lebanon,LBN,6400
Agricultural land (sq. km),AG.LND.AGRI.K2,Lesotho,LSO,23260
Agricultural land (sq. km),AG.LND.AGRI.K2,Liberia,LBR,16670.346
Agricultural land (sq. km),AG.LND.AGRI.K2,Libya,LBY,153510
Agricultural land (sq. km),AG.LND.AGRI.K2,Liechtenstein,LIE,57.3
Agricultural land (sq. km),AG.LND.AGRI.K2,Lithuania,LTU,27723
Agricultural land (sq. km),AG.LND.AGRI.K2,Luxembourg,LUX,1310.4
Agricultural land (sq. km),AG.LND.AGRI.K2,"Macao SAR, China",MAC,..
Agricultural land (sq. km),AG.LND.AGRI.K2,Madagascar,MDG,408950
Agricultural land (sq. km),AG.LND.AGRI.K2,Malawi,MWI,54850
Agricultural land (sq. km),AG.LND.AGRI.K2,Malaysia,MYS,73893
Agricultural land (sq. km),AG.LND.AGRI.K2,Maldives,MDV,69
Agricultural land (sq. km),AG.LND.AGRI.K2,Mali,MLI,410510
Agricultural land (sq. km),AG.LND.AGRI.K2,Malta,MLT,103.3
Agricultural land (sq. km),AG.LND.AGRI.K2,Marshall Islands,MHL,85
Agricultural land (sq. km),AG.LND.AGRI.K2,Mauritania,MRT,397100
Agricultural land (sq. km),AG.LND.AGRI.K2,Mauritius,MUS,910
Agricultural land (sq. km),AG.LND.AGRI.K2,Mexico,MEX,1018070
Agricultural land (sq. km),AG.LND.AGRI.K2,"Micronesia, Fed. Sts.",FSM,50
Agricultural land (sq. km),AG.LND.AGRI.K2,Moldova,MDA,24650
Agricultural land (sq. km),AG.LND.AGRI.K2,Monaco,MCO,..
Agricultural land (sq. km),AG.LND.AGRI.K2,Mongolia,MNG,1142100.3
Agricultural land (sq. km),AG.LND.AGRI.K2,Montenegro,MNE,5120
Agricultural land (sq. km),AG.LND.AGRI.K2,Morocco,MAR,299883
Agricultural land (sq. km),AG.LND.AGRI.K2,Mozambique,MOZ,396658.6
Agricultural land (sq. km),AG.LND.AGRI.K2,Myanmar,MMR,125260
Agricultural land (sq. km),AG.LND.AGRI.K2,Namibia,NAM,388090
Agricultural land (sq. km),AG.LND.AGRI.K2,Nauru,NRU,4
Agricultural land (sq. km),AG.LND.AGRI.K2,Nepal,NPL,41260
Agricultural land (sq. km),AG.LND.AGRI.K2,Netherlands,NLD,18723
Agricultural land (sq. km),AG.LND.AGRI.K2,New Caledonia,NCL,1986
Agricultural land (sq. km),AG.LND.AGRI.K2,New Zealand,NZL,114080
Agricultural land (sq. km),AG.LND.AGRI.K2,Nicaragua,NIC,50500
Agricultural land (sq. km),AG.LND.AGRI.K2,Niger,NER,439820
Agricultural land (sq. km),AG.LND.AGRI.K2,Nigeria,NGA,669940
Agricultural land (sq. km),AG.LND.AGRI.K2,North Macedonia,MKD,11190
Agricultural land (sq. km),AG.LND.AGRI.K2,Northern Mariana Islands,MNP,17
Agricultural land (sq. km),AG.LND.AGRI.K2,Norway,NOR,10059
Agricultural land (sq. km),AG.LND.AGRI.K2,Oman,OMN,14432
Agricultural land (sq. km),AG.LND.AGRI.K2,Pakistan,PAK,352420
Agricultural land (sq. km),AG.LND.AGRI.K2,Palau,PLW,43
Agricultural land (sq. km),AG.LND.AGRI.K2,Panama,PAN,22663.9
Agricultural land (sq. km),AG.LND.AGRI.K2,Papua New Guinea,PNG,12670
Agricultural land (sq. km),AG.LND.AGRI.K2,Paraguay,PRY,160451.4
Agricultural land (sq. km),AG.LND.AGRI.K2,Peru,PER,247943
Agricultural land (sq. km),AG.LND.AGRI.K2,Philippines,PHL,121000
Agricultural land (sq. km),AG.LND.AGRI.K2,Poland,POL,144490
Agricultural land (sq. km),AG.LND.AGRI.K2,Portugal,PRT,36541.7
Agricultural land (sq. km),AG.LND.AGRI.K2,Puerto Rico,PRI,1939
Agricultural land (sq. km),AG.LND.AGRI.K2,Qatar,QAT,681
Agricultural land (sq. km),AG.LND.AGRI.K2,Romania,ROU,141560
Agricultural land (sq. km),AG.LND.AGRI.K2,Russian Federation,RUS,2154940
Agricultural land (sq. km),AG.LND.AGRI.K2,Rwanda,RWA,19220
Agricultural land (sq. km),AG.LND.AGRI.K2,Samoa,WSM,415
Agricultural land (sq. km),AG.LND.AGRI.K2,San Marino,SMR,10
Agricultural land (sq. km),AG.LND.AGRI.K2,Sao Tome and Principe,STP,330
Agricultural land (sq. km),AG.LND.AGRI.K2,Saudi Arabia,SAU,1734060
Agricultural land (sq. km),AG.LND.AGRI.K2,Senegal,SEN,92780
Agricultural land (sq. km),AG.LND.AGRI.K2,Serbia,SRB,35216
Agricultural land (sq. km),AG.LND.AGRI.K2,Seychelles,SYC,24
Agricultural land (sq. km),AG.LND.AGRI.K2,Sierra Leone,SLE,39303.8
Agricultural land (sq. km),AG.LND.AGRI.K2,Singapore,SGP,7.4
Agricultural land (sq. km),AG.LND.AGRI.K2,Sint Maarten (Dutch part),SXM,..
Agricultural land (sq. km),AG.LND.AGRI.K2,Slovak Republic,SVK,19447
Agricultural land (sq. km),AG.LND.AGRI.K2,Slovenia,SVN,6238.6
Agricultural land (sq. km),AG.LND.AGRI.K2,Solomon Islands,SLB,1080
Agricultural land (sq. km),AG.LND.AGRI.K2,Somalia,SOM,441260
Agricultural land (sq. km),AG.LND.AGRI.K2,South Africa,ZAF,968910
Agricultural land (sq. km),AG.LND.AGRI.K2,South Sudan,SSD,..
Agricultural land (sq. km),AG.LND.AGRI.K2,Spain,ESP,275450
Agricultural land (sq. km),AG.LND.AGRI.K2,Sri Lanka,LKA,26200
Agricultural land (sq. km),AG.LND.AGRI.K2,St. Kitts and Nevis,KNA,57
Agricultural land (sq. km),AG.LND.AGRI.K2,St. Lucia,LCA,99.4
Agricultural land (sq. km),AG.LND.AGRI.K2,St. Martin (French part),MAF,..
Agricultural land (sq. km),AG.LND.AGRI.K2,St. Vincent and the Grenadines,VCT,70
Agricultural land (sq. km),AG.LND.AGRI.K2,Sudan,SDN,1372462
Agricultural land (sq. km),AG.LND.AGRI.K2,Suriname,SUR,783
Agricultural land (sq. km),AG.LND.AGRI.K2,Sweden,SWE,30737
Agricultural land (sq. km),AG.LND.AGRI.K2,Switzerland,CHE,15344.107
Agricultural land (sq. km),AG.LND.AGRI.K2,Syrian Arab Republic,SYR,139080
Agricultural land (sq. km),AG.LND.AGRI.K2,Tajikistan,TJK,47557
Agricultural land (sq. km),AG.LND.AGRI.K2,Tanzania,TZA,373990
Agricultural land (sq. km),AG.LND.AGRI.K2,Thailand,THA,228240
Agricultural land (sq. km),AG.LND.AGRI.K2,Timor-Leste,TLS,3380
Agricultural land (sq. km),AG.LND.AGRI.K2,Togo,TGO,36650
Agricultural land (sq. km),AG.LND.AGRI.K2,Tonga,TON,320
Agricultural land (sq. km),AG.LND.AGRI.K2,Trinidad and Tobago,TTO,540
Agricultural land (sq. km),AG.LND.AGRI.K2,Tunisia,TUN,100380
Agricultural land (sq. km),AG.LND.AGRI.K2,Turkiye,TUR,390120
Agricultural land (sq. km),AG.LND.AGRI.K2,Turkmenistan,TKM,340000
Agricultural land (sq. km),AG.LND.AGRI.K2,Turks and Caicos Islands,TCA,10
Agricultural land (sq. km),AG.LND.AGRI.K2,Tuvalu,TUV,18
Agricultural land (sq. km),AG.LND.AGRI.K2,Uganda,UGA,142650
Agricultural land (sq. km),AG.LND.AGRI.K2,Ukraine,UKR,412670
Agricultural land (sq. km),AG.LND.AGRI.K2,United Arab Emirates,ARE,3923
Agricultural land (sq. km),AG.LND.AGRI.K2,United Kingdom,GBR,172240
Agricultural land (sq. km),AG.LND.AGRI.K2,United States,USA,4069917
Agricultural land (sq. km),AG.LND.AGRI.K2,Uruguay,URY,144330
Agricultural land (sq. km),AG.LND.AGRI.K2,Uzbekistan,UZB,255980
Agricultural land (sq. km),AG.LND.AGRI.K2,Vanuatu,VUT,1870
Agricultural land (sq. km),AG.LND.AGRI.K2,"Venezuela, RB",VEN,215000
Agricultural land (sq. km),AG.LND.AGRI.K2,Viet Nam,VNM,107601
Agricultural land (sq. km),AG.LND.AGRI.K2,Virgin Islands (U.S.),VIR,40
Agricultural land (sq. km),AG.LND.AGRI.K2,West Bank and Gaza,PSE,3749
Agricultural land (sq. km),AG.LND.AGRI.K2,"Yemen, Rep.",YEM,235790
Agricultural land (sq. km),AG.LND.AGRI.K2,Zambia,ZMB,234360
Agricultural land (sq. km),AG.LND.AGRI.K2,Zimbabwe,ZWE,162000
Forest area (sq. km),AG.LND.FRST.K2,Afghanistan,AFG,12084.4
Forest area (sq. km),AG.LND.FRST.K2,Albania,ALB,7820.7
Forest area (sq. km),AG.LND.FRST.K2,Algeria,DZA,19180
Forest area (sq. km),AG.LND.FRST.K2,American Samoa,ASM,174.3
Forest area (sq. km),AG.LND.FRST.K2,Andorra,AND,160
Forest area (sq. km),AG.LND.FRST.K2,Angola,AGO,721580
Forest area (sq. km),AG.LND.FRST.K2,Antigua and Barbuda,ATG,87.8
Forest area (sq. km),AG.LND.FRST.K2,Argentina,ARG,302140
Forest area (sq. km),AG.LND.FRST.K2,Armenia,ARM,3305.6
Forest area (sq. km),AG.LND.FRST.K2,Aruba,ABW,4.2
Forest area (sq. km),AG.LND.FRST.K2,Australia,AUS,1295461
Forest area (sq. km),AG.LND.FRST.K2,Austria,AUT,38632
Forest area (sq. km),AG.LND.FRST.K2,Azerbaijan,AZE,10324.946
Forest area (sq. km),AG.LND.FRST.K2,"Bahamas, The",BHS,5098.6
Forest area (sq. km),AG.LND.FRST.K2,Bahrain,BHR,5.2
Forest area (sq. km),AG.LND.FRST.K2,Bangladesh,BGD,18883.42
Forest area (sq. km),AG.LND.FRST.K2,Barbados,BRB,63
Forest area (sq. km),AG.LND.FRST.K2,Belarus,BLR,86300
Forest area (sq. km),AG.LND.FRST.K2,Belgium,BEL,6898.7
Forest area (sq. km),AG.LND.FRST.K2,Belize,BLZ,13913.9
Forest area (sq. km),AG.LND.FRST.K2,Benin,BEN,36351.5
Forest area (sq. km),AG.LND.FRST.K2,Bermuda,BMU,10
Forest area (sq. km),AG.LND.FRST.K2,Bhutan,BTN,27052.9
Forest area (sq. km),AG.LND.FRST.K2,Bolivia,BOL,530860.1
Forest area (sq. km),AG.LND.FRST.K2,Bosnia and Herzegovina,BIH,21026.6
Forest area (sq. km),AG.LND.FRST.K2,Botswana,BWA,164377
Forest area (sq. km),AG.LND.FRST.K2,Brazil,BRA,5115807
Forest area (sq. km),AG.LND.FRST.K2,British Virgin Islands,VGB,36.4
Forest area (sq. km),AG.LND.FRST.K2,Brunei Darussalam,BRN,3800
Forest area (sq. km),AG.LND.FRST.K2,Bulgaria,BGR,37370
Forest area (sq. km),AG.LND.FRST.K2,Burkina Faso,BFA,67165
Forest area (sq. km),AG.LND.FRST.K2,Burundi,BDI,1939.4
Forest area (sq. km),AG.LND.FRST.K2,Cabo Verde,CPV,427.2
Forest area (sq. km),AG.LND.FRST.K2,Cambodia,KHM,105892.3
Forest area (sq. km),AG.LND.FRST.K2,Cameroon,CMR,209004.8
Forest area (sq. km),AG.LND.FRST.K2,Canada,CAN,3473222.1
Forest area (sq. km),AG.LND.FRST.K2,Cayman Islands,CYM,127.2
Forest area (sq. km),AG.LND.FRST.K2,Central African Republic,CAF,226030
Forest area (sq. km),AG.LND.FRST.K2,Chad,TCD,55300
Forest area (sq. km),AG.LND.FRST.K2,Channel Islands,CHI,10.2
Forest area (sq. km),AG.LND.FRST.K2,Chile,CHL,167252.6
Forest area (sq. km),AG.LND.FRST.K2,China,CHN,2006103.8
Forest area (sq. km),AG.LND.FRST.K2,Colombia,COL,608077.9
Forest area (sq. km),AG.LND.FRST.K2,Comoros,COM,373
Forest area (sq. km),AG.LND.FRST.K2,"Congo, Dem. Rep.",COD,1371690
Forest area (sq. km),AG.LND.FRST.K2,"Congo, Rep.",COG,220750
Forest area (sq. km),AG.LND.FRST.K2,Costa Rica,CRI,28712
Forest area (sq. km),AG.LND.FRST.K2,Cote d'Ivoire,CIV,39655.8
Forest area (sq. km),AG.LND.FRST.K2,Croatia,HRV,19200
Forest area (sq. km),AG.LND.FRST.K2,Cuba,CUB,29320
Forest area (sq. km),AG.LND.FRST.K2,Curacao,CUW,..
Forest area (sq. km),AG.LND.FRST.K2,Cyprus,CYP,1728.4
Forest area (sq. km),AG.LND.FRST.K2,Czechia,CZE,26573.8
Forest area (sq. km),AG.LND.FRST.K2,Denmark,DNK,5864.9
Forest area (sq. km),AG.LND.FRST.K2,Djibouti,DJI,56
Forest area (sq. km),AG.LND.FRST.K2,Dominica,DMA,478.7
Forest area (sq. km),AG.LND.FRST.K2,Dominican Republic,DOM,20731.2
Forest area (sq. km),AG.LND.FRST.K2,Ecuador,ECU,130281.9
Forest area (sq. km),AG.LND.FRST.K2,"Egypt, Arab Rep.",EGY,656.4
Forest area (sq. km),AG.LND.FRST.K2,El Salvador,SLV,6288.8
Forest area (sq. km),AG.LND.FRST.K2,Equatorial Guinea,GNQ,25320.1
Forest area (sq. km),AG.LND.FRST.K2,Eritrea,ERI,10868.6
Forest area (sq. km),AG.LND.FRST.K2,Estonia,EST,23360.2
Forest area (sq. km),AG.LND.FRST.K2,Eswatini,SWZ,4854.3
Forest area (sq. km),AG.LND.FRST.K2,Ethiopia,ETH,177985
Forest area (sq. km),AG.LND.FRST.K2,Faroe Islands,FRO,0.8
Forest area (sq. km),AG.LND.FRST.K2,Fiji,FJI,10732.4
Forest area (sq. km),AG.LND.FRST.K2,Finland,FIN,222420
Forest area (sq. km),AG.LND.FRST.K2,France,FRA,164190
Forest area (sq. km),AG.LND.FRST.K2,French Polynesia,PYF,1494.6
Forest area (sq. km),AG.LND.FRST.K2,Gabon,GAB,236494.1
Forest area (sq. km),AG.LND.FRST.K2,"Gambia, The",GMB,3000
Forest area (sq. km),AG.LND.FRST.K2,Georgia,GEO,28224
Forest area (sq. km),AG.LND.FRST.K2,Germany,DEU,114090
Forest area (sq. km),AG.LND.FRST.K2,Ghana,GHA,79429.3
Forest area (sq. km),AG.LND.FRST.K2,Gibraltar,GIB,0
Forest area (sq. km),AG.LND.FRST.K2,Greece,GRC,39018.03
Forest area (sq. km),AG.LND.FRST.K2,Greenland,GRL,2.2
Forest area (sq. km),AG.LND.FRST.K2,Grenada,GRD,177
Forest area (sq. km),AG.LND.FRST.K2,Guam,GUM,240
Forest area (sq. km),AG.LND.FRST.K2,Guatemala,GTM,37226
Forest area (sq. km),AG.LND.FRST.K2,Guinea,GIN,65690
Forest area (sq. km),AG.LND.FRST.K2,Guinea-Bissau,GNB,20644.3
Forest area (sq. km),AG.LND.FRST.K2,Guyana,GUY,185198.1
Forest area (sq. km),AG.LND.FRST.K2,Haiti,HTI,3783.8
Forest area (sq. km),AG.LND.FRST.K2,Honduras,HND,65754.7
Forest area (sq. km),AG.LND.FRST.K2,"Hong Kong SAR, China",HKG,..
Forest area (sq. km),AG.LND.FRST.K2,Hungary,HUN,20463.9
Forest area (sq. km),AG.LND.FRST.K2,Iceland,ISL,446.7
Forest area (sq. km),AG.LND.FRST.K2,India,IND,694960
Forest area (sq. km),AG.LND.FRST.K2,Indonesia,IDN,996592
Forest area (sq. km),AG.LND.FRST.K2,"Iran, Islamic Rep.",IRN,106919.8
Forest area (sq. km),AG.LND.FRST.K2,Iraq,IRQ,8250
Forest area (sq. km),AG.LND.FRST.K2,Ireland,IRL,7203.8
Forest area (sq. km),AG.LND.FRST.K2,Isle of Man,IMN,34.6
Forest area (sq. km),AG.LND.FRST.K2,Israel,ISR,1540
Forest area (sq. km),AG.LND.FRST.K2,Italy,ITA,90280.4
Forest area (sq. km),AG.LND.FRST.K2,Jamaica,JAM,5584.5
Forest area (sq. km),AG.LND.FRST.K2,Japan,JPN,249660
Forest area (sq. km),AG.LND.FRST.K2,Jordan,JOR,975
Forest area (sq. km),AG.LND.FRST.K2,Kazakhstan,KAZ,30821.795
Forest area (sq. km),AG.LND.FRST.K2,Kenya,KEN,36163.4
Forest area (sq. km),AG.LND.FRST.K2,Kiribati,KIR,11.8
Forest area (sq. km),AG.LND.FRST.K2,"Korea, Dem. People's Rep.",PRK,62423.9
Forest area (sq. km),AG.LND.FRST.K2,"Korea, Rep.",KOR,63870
Forest area (sq. km),AG.LND.FRST.K2,Kosovo,XKX,..
Forest area (sq. km),AG.LND.FRST.K2,Kuwait,KWT,62.5
Forest area (sq. km),AG.LND.FRST.K2,Kyrgyz Republic,KGZ,12296.8
Forest area (sq. km),AG.LND.FRST.K2,Lao PDR,LAO,169405
Forest area (sq. km),AG.LND.FRST.K2,Latvia,LVA,33721.2
Forest area (sq. km),AG.LND.FRST.K2,Lebanon,LBN,1373.5
Forest area (sq. km),AG.LND.FRST.K2,Lesotho,LSO,345.2
Forest area (sq. km),AG.LND.FRST.K2,Liberia,LBR,79200.4
Forest area (sq. km),AG.LND.FRST.K2,Libya,LBY,2170
Forest area (sq. km),AG.LND.FRST.K2,Liechtenstein,LIE,66.992
Forest area (sq. km),AG.LND.FRST.K2,Lithuania,LTU,21700
Forest area (sq. km),AG.LND.FRST.K2,Luxembourg,LUX,887
Forest area (sq. km),AG.LND.FRST.K2,"Macao SAR, China",MAC,..
Forest area (sq. km),AG.LND.FRST.K2,Madagascar,MDG,125619.8
Forest area (sq. km),AG.LND.FRST.K2,Malawi,MWI,26617
Forest area (sq. km),AG.LND.FRST.K2,Malaysia,MYS,189476.5
Forest area (sq. km),AG.LND.FRST.K2,Maldives,MDV,8.2
Forest area (sq. km),AG.LND.FRST.K2,Mali,MLI,132960
Forest area (sq. km),AG.LND.FRST.K2,Malta,MLT,3.5
Forest area (sq. km),AG.LND.FRST.K2,Marshall Islands,MHL,94
Forest area (sq. km),AG.LND.FRST.K2,Mauritania,MRT,3672.4
Forest area (sq. km),AG.LND.FRST.K2,Mauritius,MUS,383.9
Forest area (sq. km),AG.LND.FRST.K2,Mexico,MEX,669433.1
Forest area (sq. km),AG.LND.FRST.K2,"Micronesia, Fed. Sts.",FSM,641.3
Forest area (sq. km),AG.LND.FRST.K2,Moldova,MDA,3745
Forest area (sq. km),AG.LND.FRST.K2,Monaco,MCO,0
Forest area (sq. km),AG.LND.FRST.K2,Mongolia,MNG,141839
Forest area (sq. km),AG.LND.FRST.K2,Montenegro,MNE,8270
Forest area (sq. km),AG.LND.FRST.K2,Morocco,MAR,56745.7
Forest area (sq. km),AG.LND.FRST.K2,Mozambique,MOZ,389721.4
Forest area (sq. km),AG.LND.FRST.K2,Myanmar,MMR,314410
Forest area (sq. km),AG.LND.FRST.K2,Namibia,NAM,73489.9
Forest area (sq. km),AG.LND.FRST.K2,Nauru,NRU,0
Forest area (sq. km),AG.LND.FRST.K2,Nepal,NPL,59620.3
Forest area (sq. km),AG.LND.FRST.K2,Netherlands,NLD,3734.8
Forest area (sq. km),AG.LND.FRST.K2,New Caledonia,NCL,8390.2
Forest area (sq. km),AG.LND.FRST.K2,New Zealand,NZL,98481.2
Forest area (sq. km),AG.LND.FRST.K2,Nicaragua,NIC,41881.5
Forest area (sq. km),AG.LND.FRST.K2,Niger,NER,12039
Forest area (sq. km),AG.LND.FRST.K2,Nigeria,NGA,232599.8
Forest area (sq. km),AG.LND.FRST.K2,North Macedonia,MKD,9604.3
Forest area (sq. km),AG.LND.FRST.K2,Northern Mariana Islands,MNP,303.2
Forest area (sq. km),AG.LND.FRST.K2,Norway,NOR,121020
Forest area (sq. km),AG.LND.FRST.K2,Oman,OMN,30
Forest area (sq. km),AG.LND.FRST.K2,Pakistan,PAK,40937.3
Forest area (sq. km),AG.LND.FRST.K2,Palau,PLW,405.6
Forest area (sq. km),AG.LND.FRST.K2,Panama,PAN,43279.9
Forest area (sq. km),AG.LND.FRST.K2,Papua New Guinea,PNG,361788.853
Forest area (sq. km),AG.LND.FRST.K2,Paraguay,PRY,195702.1
Forest area (sq. km),AG.LND.FRST.K2,Peru,PER,740498
Forest area (sq. km),AG.LND.FRST.K2,Philippines,PHL,68397.2
Forest area (sq. km),AG.LND.FRST.K2,Poland,POL,93290
Forest area (sq. km),AG.LND.FRST.K2,Portugal,PRT,32520
Forest area (sq. km),AG.LND.FRST.K2,Puerto Rico,PRI,4914.5
Forest area (sq. km),AG.LND.FRST.K2,Qatar,QAT,0
Forest area (sq. km),AG.LND.FRST.K2,Romania,ROU,65150
Forest area (sq. km),AG.LND.FRST.K2,Russian Federation,RUS,8151356
Forest area (sq. km),AG.LND.FRST.K2,Rwanda,RWA,2650
Forest area (sq. km),AG.LND.FRST.K2,Samoa,WSM,1664.9
Forest area (sq. km),AG.LND.FRST.K2,San Marino,SMR,10
Forest area (sq. km),AG.LND.FRST.K2,Sao Tome and Principe,STP,581
Forest area (sq. km),AG.LND.FRST.K2,Saudi Arabia,SAU,9770
Forest area (sq. km),AG.LND.FRST.K2,Senegal,SEN,84681.6
Forest area (sq. km),AG.LND.FRST.K2,Serbia,SRB,27130
Forest area (sq. km),AG.LND.FRST.K2,Seychelles,SYC,337
Forest area (sq. km),AG.LND.FRST.K2,Sierra Leone,SLE,27321.6
Forest area (sq. km),AG.LND.FRST.K2,Singapore,SGP,177.404
Forest area (sq. km),AG.LND.FRST.K2,Sint Maarten (Dutch part),SXM,..
Forest area (sq. km),AG.LND.FRST.K2,Slovak Republic,SVK,19179.1
Forest area (sq. km),AG.LND.FRST.K2,Slovenia,SVN,12470
Forest area (sq. km),AG.LND.FRST.K2,Solomon Islands,SLB,25302.8
Forest area (sq. km),AG.LND.FRST.K2,Somalia,SOM,67475
Forest area (sq. km),AG.LND.FRST.K2,South Africa,ZAF,174140.9
Forest area (sq. km),AG.LND.FRST.K2,South Sudan,SSD,..
Forest area (sq. km),AG.LND.FRST.K2,Spain,ESP,185453.4
Forest area (sq. km),AG.LND.FRST.K2,Sri Lanka,LKA,21036.2
Forest area (sq. km),AG.LND.FRST.K2,St. Kitts and Nevis,KNA,110
Forest area (sq. km),AG.LND.FRST.K2,St. Lucia,LCA,207.7
Forest area (sq. km),AG.LND.FRST.K2,St. Martin (French part),MAF,..
Forest area (sq. km),AG.LND.FRST.K2,St. Vincent and the Grenadines,VCT,285.4
Forest area (sq. km),AG.LND.FRST.K2,Sudan,SDN,272381.7
Forest area (sq. km),AG.LND.FRST.K2,Suriname,SUR,152998.6
Forest area (sq. km),AG.LND.FRST.K2,Sweden,SWE,280730
Forest area (sq. km),AG.LND.FRST.K2,Switzerland,CHE,12347.2
Forest area (sq. km),AG.LND.FRST.K2,Syrian Arab Republic,SYR,4920.8
Forest area (sq. km),AG.LND.FRST.K2,Tajikistan,TJK,4100
Forest area (sq. km),AG.LND.FRST.K2,Tanzania,TZA,499500.1
Forest area (sq. km),AG.LND.FRST.K2,Thailand,THA,200730
Forest area (sq. km),AG.LND.FRST.K2,Timor-Leste,TLS,9351
Forest area (sq. km),AG.LND.FRST.K2,Togo,TGO,12388.7
Forest area (sq. km),AG.LND.FRST.K2,Tonga,TON,89.5
Forest area (sq. km),AG.LND.FRST.K2,Trinidad and Tobago,TTO,2324.1
Forest area (sq. km),AG.LND.FRST.K2,Tunisia,TUN,6874.3
Forest area (sq. km),AG.LND.FRST.K2,Turkiye,TUR,210830.8
Forest area (sq. km),AG.LND.FRST.K2,Turkmenistan,TKM,41270
Forest area (sq. km),AG.LND.FRST.K2,Turks and Caicos Islands,TCA,105.2
Forest area (sq. km),AG.LND.FRST.K2,Tuvalu,TUV,10
Forest area (sq. km),AG.LND.FRST.K2,Uganda,UGA,27504.2
Forest area (sq. km),AG.LND.FRST.K2,Ukraine,UKR,95480
Forest area (sq. km),AG.LND.FRST.K2,United Arab Emirates,ARE,3173
Forest area (sq. km),AG.LND.FRST.K2,United Kingdom,GBR,30590
Forest area (sq. km),AG.LND.FRST.K2,United States,USA,3087200
Forest area (sq. km),AG.LND.FRST.K2,Uruguay,URY,17313
Forest area (sq. km),AG.LND.FRST.K2,Uzbekistan,UZB,33496
Forest area (sq. km),AG.LND.FRST.K2,Vanuatu,VUT,4423
Forest area (sq. km),AG.LND.FRST.K2,"Venezuela, RB",VEN,475050
Forest area (sq. km),AG.LND.FRST.K2,Viet Nam,VNM,133880.6
Forest area (sq. km),AG.LND.FRST.K2,Virgin Islands (U.S.),VIR,184.3
Forest area (sq. km),AG.LND.FRST.K2,West Bank and Gaza,PSE,99.5
Forest area (sq. km),AG.LND.FRST.K2,"Yemen, Rep.",YEM,5490
Forest area (sq. km),AG.LND.FRST.K2,Zambia,ZMB,466960
Forest area (sq. km),AG.LND.FRST.K2,Zimbabwe,ZWE,179052.8
GDP growth (annual %),NY.GDP.MKTP.KD.ZG,Afghanistan,AFG,14.36244147
GDP growth (annual %),NY.GDP.MKTP.KD.ZG,Albania,ALB,3.706938153
GDP growth (annual %),NY.GDP.MKTP.KD.ZG,Algeria,DZA,3.600000001
GDP growth (annual %),NY.GDP.MKTP.KD.ZG,American Samoa,ASM,0.299850075
GDP growth (annual %),NY.GDP.MKTP.KD.ZG,Andorra,AND,-1.974958
GDP growth (annual %),NY.GDP.MKTP.KD.ZG,Angola,AGO,4.398375938
GDP growth (annual %),NY.GDP.MKTP.KD.ZG,Antigua and Barbuda,ATG,-7.840594744
GDP growth (annual %),NY.GDP.MKTP.KD.ZG,Argentina,ARG,10.12539816
GDP growth (annual %),NY.GDP.MKTP.KD.ZG,Armenia,ARM,2.2
GDP growth (annual %),NY.GDP.MKTP.KD.ZG,Aruba,ABW,-2.733455707
GDP growth (annual %),NY.GDP.MKTP.KD.ZG,Australia,AUS,2.226538078
GDP growth (annual %),NY.GDP.MKTP.KD.ZG,Austria,AUT,1.837093677
GDP growth (annual %),NY.GDP.MKTP.KD.ZG,Azerbaijan,AZE,5.048944513
GDP growth (annual %),NY.GDP.MKTP.KD.ZG,"Bahamas, The",BHS,1.538662487
GDP growth (annual %),NY.GDP.MKTP.KD.ZG,Bahrain,BHR,4.334299173
GDP growth (annual %),NY.GDP.MKTP.KD.ZG,Bangladesh,BGD,5.571788185
GDP growth (annual %),NY.GDP.MKTP.KD.ZG,Barbados,BRB,-2.272188073
GDP growth (annual %),NY.GDP.MKTP.KD.ZG,Belarus,BLR,7.798266835
GDP growth (annual %),NY.GDP.MKTP.KD.ZG,Belgium,BEL,2.864292708
GDP growth (annual %),NY.GDP.MKTP.KD.ZG,Belize,BLZ,1.239952915
GDP growth (annual %),NY.GDP.MKTP.KD.ZG,Benin,BEN,2.114064726
GDP growth (annual %),NY.GDP.MKTP.KD.ZG,Bermuda,BMU,-2.502878289
GDP growth (annual %),NY.GDP.MKTP.KD.ZG,Bhutan,BTN,11.945896
GDP growth (annual %),NY.GDP.MKTP.KD.ZG,Bolivia,BOL,4.126722591
GDP growth (annual %),NY.GDP.MKTP.KD.ZG,Bosnia and Herzegovina,BIH,0.86566926
GDP growth (annual %),NY.GDP.MKTP.KD.ZG,Botswana,BWA,10.12220912
GDP growth (annual %),NY.GDP.MKTP.KD.ZG,Brazil,BRA,7.528225818
GDP growth (annual %),NY.GDP.MKTP.KD.ZG,British Virgin Islands,VGB,..
GDP growth (annual %),NY.GDP.MKTP.KD.ZG,Brunei Darussalam,BRN,2.598965746
GDP growth (annual %),NY.GDP.MKTP.KD.ZG,Bulgaria,BGR,1.555359513
GDP growth (annual %),NY.GDP.MKTP.KD.ZG,Burkina Faso,BFA,8.446281577
GDP growth (annual %),NY.GDP.MKTP.KD.ZG,Burundi,BDI,5.124159994
GDP growth (annual %),NY.GDP.MKTP.KD.ZG,Cabo Verde,CPV,1.83641915
GDP growth (annual %),NY.GDP.MKTP.KD.ZG,Cambodia,KHM,5.963078573
GDP growth (annual %),NY.GDP.MKTP.KD.ZG,Cameroon,CMR,2.899024721
GDP growth (annual %),NY.GDP.MKTP.KD.ZG,Canada,CAN,3.089919462
GDP growth (annual %),NY.GDP.MKTP.KD.ZG,Cayman Islands,CYM,-2.715635262
GDP growth (annual %),NY.GDP.MKTP.KD.ZG,Central African Republic,CAF,4.630818432
GDP growth (annual %),NY.GDP.MKTP.KD.ZG,Chad,TCD,13.55010086
GDP growth (annual %),NY.GDP.MKTP.KD.ZG,Channel Islands,CHI,..
GDP growth (annual %),NY.GDP.MKTP.KD.ZG,Chile,CHL,5.851651017
GDP growth (annual %),NY.GDP.MKTP.KD.ZG,China,CHN,10.63587107
GDP growth (annual %),NY.GDP.MKTP.KD.ZG,Colombia,COL,4.494658971
GDP growth (annual %),NY.GDP.MKTP.KD.ZG,Comoros,COM,3.77776675
GDP growth (annual %),NY.GDP.MKTP.KD.ZG,"Congo, Dem. Rep.",COD,7.107976576
GDP growth (annual %),NY.GDP.MKTP.KD.ZG,"Congo, Rep.",COG,9.931265431
GDP growth (annual %),NY.GDP.MKTP.KD.ZG,Costa Rica,CRI,5.360343477
GDP growth (annual %),NY.GDP.MKTP.KD.ZG,Cote d'Ivoire,CIV,6.848049399
GDP growth (annual %),NY.GDP.MKTP.KD.ZG,Croatia,HRV,-1.243071346
GDP growth (annual %),NY.GDP.MKTP.KD.ZG,Cuba,CUB,2.390352297
GDP growth (annual %),NY.GDP.MKTP.KD.ZG,Curacao,CUW,0.082306609
GDP growth (annual %),NY.GDP.MKTP.KD.ZG,Cyprus,CYP,2.014695707
GDP growth (annual %),NY.GDP.MKTP.KD.ZG,Czechia,CZE,2.434902159
GDP growth (annual %),NY.GDP.MKTP.KD.ZG,Denmark,DNK,1.870991147
GDP growth (annual %),NY.GDP.MKTP.KD.ZG,Djibouti,DJI,..
GDP growth (annual %),NY.GDP.MKTP.KD.ZG,Dominica,DMA,0.6726344
GDP growth (annual %),NY.GDP.MKTP.KD.ZG,Dominican Republic,DOM,8.33965106
GDP growth (annual %),NY.GDP.MKTP.KD.ZG,Ecuador,ECU,3.525298669
GDP growth (annual %),NY.GDP.MKTP.KD.ZG,"Egypt, Arab Rep.",EGY,5.147234858
GDP growth (annual %),NY.GDP.MKTP.KD.ZG,El Salvador,SLV,2.154195011
GDP growth (annual %),NY.GDP.MKTP.KD.ZG,Equatorial Guinea,GNQ,-8.924175889
GDP growth (annual %),NY.GDP.MKTP.KD.ZG,Eritrea,ERI,2.194190349
GDP growth (annual %),NY.GDP.MKTP.KD.ZG,Estonia,EST,2.444265118
GDP growth (annual %),NY.GDP.MKTP.KD.ZG,Eswatini,SWZ,3.793754968
GDP growth (annual %),NY.GDP.MKTP.KD.ZG,Ethiopia,ETH,12.55053835
GDP growth (annual %),NY.GDP.MKTP.KD.ZG,Faroe Islands,FRO,-0.576939114
GDP growth (annual %),NY.GDP.MKTP.KD.ZG,Fiji,FJI,2.954672422
GDP growth (annual %),NY.GDP.MKTP.KD.ZG,Finland,FIN,3.185958654
GDP growth (annual %),NY.GDP.MKTP.KD.ZG,France,FRA,1.949437623
GDP growth (annual %),NY.GDP.MKTP.KD.ZG,French Polynesia,PYF,-2.46606419
GDP growth (annual %),NY.GDP.MKTP.KD.ZG,Gabon,GAB,7.089887315
GDP growth (annual %),NY.GDP.MKTP.KD.ZG,"Gambia, The",GMB,5.90833581
GDP growth (annual %),NY.GDP.MKTP.KD.ZG,Georgia,GEO,6.232310183
GDP growth (annual %),NY.GDP.MKTP.KD.ZG,Germany,DEU,4.179882499
GDP growth (annual %),NY.GDP.MKTP.KD.ZG,Ghana,GHA,7.899711941
GDP growth (annual %),NY.GDP.MKTP.KD.ZG,Gibraltar,GIB,..
GDP growth (annual %),NY.GDP.MKTP.KD.ZG,Greece,GRC,-5.477808049
GDP growth (annual %),NY.GDP.MKTP.KD.ZG,Greenland,GRL,1.735825059
GDP growth (annual %),NY.GDP.MKTP.KD.ZG,Grenada,GRD,-0.511146187
GDP growth (annual %),NY.GDP.MKTP.KD.ZG,Guam,GUM,2.263251936
GDP growth (annual %),NY.GDP.MKTP.KD.ZG,Guatemala,GTM,2.884175428
GDP growth (annual %),NY.GDP.MKTP.KD.ZG,Guinea,GIN,4.813360169
GDP growth (annual %),NY.GDP.MKTP.KD.ZG,Guinea-Bissau,GNB,4.6109709
GDP growth (annual %),NY.GDP.MKTP.KD.ZG,Guyana,GUY,4.138441601
GDP growth (annual %),NY.GDP.MKTP.KD.ZG,Haiti,HTI,-5.651511534
GDP growth (annual %),NY.GDP.MKTP.KD.ZG,Honduras,HND,3.731140344
GDP growth (annual %),NY.GDP.MKTP.KD.ZG,"Hong Kong SAR, China",HKG,6.767690547
GDP growth (annual %),NY.GDP.MKTP.KD.ZG,Hungary,HUN,1.076254043
GDP growth (annual %),NY.GDP.MKTP.KD.ZG,Iceland,ISL,-2.832774915
GDP growth (annual %),NY.GDP.MKTP.KD.ZG,India,IND,8.497584702
GDP growth (annual %),NY.GDP.MKTP.KD.ZG,Indonesia,IDN,6.22385418
GDP growth (annual %),NY.GDP.MKTP.KD.ZG,"Iran, Islamic Rep.",IRN,5.797938296
GDP growth (annual %),NY.GDP.MKTP.KD.ZG,Iraq,IRQ,6.402564845
GDP growth (annual %),NY.GDP.MKTP.KD.ZG,Ireland,IRL,1.682972022
GDP growth (annual %),NY.GDP.MKTP.KD.ZG,Isle of Man,IMN,3.399998424
GDP growth (annual %),NY.GDP.MKTP.KD.ZG,Israel,ISR,5.668515118
GDP growth (annual %),NY.GDP.MKTP.KD.ZG,Italy,ITA,1.713295839
GDP growth (annual %),NY.GDP.MKTP.KD.ZG,Jamaica,JAM,-1.457147209
GDP growth (annual %),NY.GDP.MKTP.KD.ZG,Japan,JPN,4.097917919
GDP growth (annual %),NY.GDP.MKTP.KD.ZG,Jordan,JOR,2.314834221
GDP growth (annual %),NY.GDP.MKTP.KD.ZG,Kazakhstan,KAZ,7.300000003
GDP growth (annual %),NY.GDP.MKTP.KD.ZG,Kenya,KEN,8.058473603
GDP growth (annual %),NY.GDP.MKTP.KD.ZG,Kiribati,KIR,-1.120260261
GDP growth (annual %),NY.GDP.MKTP.KD.ZG,"Korea, Dem. People's Rep.",PRK,..
GDP growth (annual %),NY.GDP.MKTP.KD.ZG,"Korea, Rep.",KOR,6.804824918
GDP growth (annual %),NY.GDP.MKTP.KD.ZG,Kosovo,XKX,4.939950549
GDP growth (annual %),NY.GDP.MKTP.KD.ZG,Kuwait,KWT,-2.37026412
GDP growth (annual %),NY.GDP.MKTP.KD.ZG,Kyrgyz Republic,KGZ,-0.471566601
GDP growth (annual %),NY.GDP.MKTP.KD.ZG,Lao PDR,LAO,8.526905517
GDP growth (annual %),NY.GDP.MKTP.KD.ZG,Latvia,LVA,-4.45556726
GDP growth (annual %),NY.GDP.MKTP.KD.ZG,Lebanon,LBN,7.975135558
GDP growth (annual %),NY.GDP.MKTP.KD.ZG,Lesotho,LSO,5.269670781
GDP growth (annual %),NY.GDP.MKTP.KD.ZG,Liberia,LBR,6.09982524
GDP growth (annual %),NY.GDP.MKTP.KD.ZG,Libya,LBY,5.027247672
GDP growth (annual %),NY.GDP.MKTP.KD.ZG,Liechtenstein,LIE,..
GDP growth (annual %),NY.GDP.MKTP.KD.ZG,Lithuania,LTU,1.651240653
GDP growth (annual %),NY.GDP.MKTP.KD.ZG,Luxembourg,LUX,3.760413593
GDP growth (annual %),NY.GDP.MKTP.KD.ZG,"Macao SAR, China",MAC,25.12259456
GDP growth (annual %),NY.GDP.MKTP.KD.ZG,Madagascar,MDG,0.619239745
GDP growth (annual %),NY.GDP.MKTP.KD.ZG,Malawi,MWI,6.874065854
GDP growth (annual %),NY.GDP.MKTP.KD.ZG,Malaysia,MYS,7.424847383
GDP growth (annual %),NY.GDP.MKTP.KD.ZG,Maldives,MDV,6.835471394
GDP growth (annual %),NY.GDP.MKTP.KD.ZG,Mali,MLI,5.313935279
GDP growth (annual %),NY.GDP.MKTP.KD.ZG,Malta,MLT,5.543640011
GDP growth (annual %),NY.GDP.MKTP.KD.ZG,Marshall Islands,MHL,5.446764506
GDP growth (annual %),NY.GDP.MKTP.KD.ZG,Mauritania,MRT,2.620229521
GDP growth (annual %),NY.GDP.MKTP.KD.ZG,Mauritius,MUS,4.377203223
GDP growth (annual %),NY.GDP.MKTP.KD.ZG,Mexico,MEX,4.971334562
GDP growth (annual %),NY.GDP.MKTP.KD.ZG,"Micronesia, Fed. Sts.",FSM,2.259389956
GDP growth (annual %),NY.GDP.MKTP.KD.ZG,Moldova,MDA,7.100000107
GDP growth (annual %),NY.GDP.MKTP.KD.ZG,Monaco,MCO,2.065220038
GDP growth (annual %),NY.GDP.MKTP.KD.ZG,Mongolia,MNG,6.365161679
GDP growth (annual %),NY.GDP.MKTP.KD.ZG,Montenegro,MNE,2.734331082
GDP growth (annual %),NY.GDP.MKTP.KD.ZG,Morocco,MAR,3.499557094
GDP growth (annual %),NY.GDP.MKTP.KD.ZG,Mozambique,MOZ,6.679729357
GDP growth (annual %),NY.GDP.MKTP.KD.ZG,Myanmar,MMR,9.634439452
GDP growth (annual %),NY.GDP.MKTP.KD.ZG,Namibia,NAM,6.03924948
GDP growth (annual %),NY.GDP.MKTP.KD.ZG,Nauru,NRU,-1.612903226
GDP growth (annual %),NY.GDP.MKTP.KD.ZG,Nepal,NPL,4.816414647
GDP growth (annual %),NY.GDP.MKTP.KD.ZG,Netherlands,NLD,1.342739336
GDP growth (annual %),NY.GDP.MKTP.KD.ZG,New Caledonia,NCL,..
GDP growth (annual %),NY.GDP.MKTP.KD.ZG,New Zealand,NZL,1.466751165
GDP growth (annual %),NY.GDP.MKTP.KD.ZG,Nicaragua,NIC,4.410481398
GDP growth (annual %),NY.GDP.MKTP.KD.ZG,Niger,NER,8.578166743
GDP growth (annual %),NY.GDP.MKTP.KD.ZG,Nigeria,NGA,8.005655916
GDP growth (annual %),NY.GDP.MKTP.KD.ZG,North Macedonia,MKD,3.358750858
GDP growth (annual %),NY.GDP.MKTP.KD.ZG,Northern Mariana Islands,MNP,1.395939086
GDP growth (annual %),NY.GDP.MKTP.KD.ZG,Norway,NOR,0.787051845
GDP growth (annual %),NY.GDP.MKTP.KD.ZG,Oman,OMN,1.713985311
GDP growth (annual %),NY.GDP.MKTP.KD.ZG,Pakistan,PAK,1.501717522
GDP growth (annual %),NY.GDP.MKTP.KD.ZG,Palau,PLW,0.216093492
GDP growth (annual %),NY.GDP.MKTP.KD.ZG,Panama,PAN,5.827993448
GDP growth (annual %),NY.GDP.MKTP.KD.ZG,Papua New Guinea,PNG,10.12845407
GDP growth (annual %),NY.GDP.MKTP.KD.ZG,Paraguay,PRY,11.09523127
GDP growth (annual %),NY.GDP.MKTP.KD.ZG,Peru,PER,8.332459107
GDP growth (annual %),NY.GDP.MKTP.KD.ZG,Philippines,PHL,7.334499965
GDP growth (annual %),NY.GDP.MKTP.KD.ZG,Poland,POL,2.934638181
GDP growth (annual %),NY.GDP.MKTP.KD.ZG,Portugal,PRT,1.737625476
GDP growth (annual %),NY.GDP.MKTP.KD.ZG,Puerto Rico,PRI,-0.413254118
GDP growth (annual %),NY.GDP.MKTP.KD.ZG,Qatar,QAT,19.59233153
GDP growth (annual %),NY.GDP.MKTP.KD.ZG,Romania,ROU,-3.90123628
GDP growth (annual %),NY.GDP.MKTP.KD.ZG,Russian Federation,RUS,4.499999999
GDP growth (annual %),NY.GDP.MKTP.KD.ZG,Rwanda,RWA,7.33464809
GDP growth (annual %),NY.GDP.MKTP.KD.ZG,Samoa,WSM,6.124719923
GDP growth (annual %),NY.GDP.MKTP.KD.ZG,San Marino,SMR,-5.473684211
GDP growth (annual %),NY.GDP.MKTP.KD.ZG,Sao Tome and Principe,STP,1.448434005
GDP growth (annual %),NY.GDP.MKTP.KD.ZG,Saudi Arabia,SAU,5.039492888
GDP growth (annual %),NY.GDP.MKTP.KD.ZG,Senegal,SEN,3.390889253
GDP growth (annual %),NY.GDP.MKTP.KD.ZG,Serbia,SRB,0.731044553
GDP growth (annual %),NY.GDP.MKTP.KD.ZG,Seychelles,SYC,4.505132043
GDP growth (annual %),NY.GDP.MKTP.KD.ZG,Sierra Leone,SLE,6.637492458
GDP growth (annual %),NY.GDP.MKTP.KD.ZG,Singapore,SGP,14.51974971
GDP growth (annual %),NY.GDP.MKTP.KD.ZG,Sint Maarten (Dutch part),SXM,3.199994022
GDP growth (annual %),NY.GDP.MKTP.KD.ZG,Slovak Republic,SVK,6.71663275
GDP growth (annual %),NY.GDP.MKTP.KD.ZG,Slovenia,SVN,1.343748472
GDP growth (annual %),NY.GDP.MKTP.KD.ZG,Solomon Islands,SLB,9.708388169
GDP growth (annual %),NY.GDP.MKTP.KD.ZG,Somalia,SOM,..
GDP growth (annual %),NY.GDP.MKTP.KD.ZG,South Africa,ZAF,3.039732881
GDP growth (annual %),NY.GDP.MKTP.KD.ZG,South Sudan,SSD,5.493416395
GDP growth (annual %),NY.GDP.MKTP.KD.ZG,Spain,ESP,0.162919518
GDP growth (annual %),NY.GDP.MKTP.KD.ZG,Sri Lanka,LKA,8.01596737
GDP growth (annual %),NY.GDP.MKTP.KD.ZG,St. Kitts and Nevis,KNA,0.043977654
GDP growth (annual %),NY.GDP.MKTP.KD.ZG,St. Lucia,LCA,0.330018546
GDP growth (annual %),NY.GDP.MKTP.KD.ZG,St. Martin (French part),MAF,..
GDP growth (annual %),NY.GDP.MKTP.KD.ZG,St. Vincent and the Grenadines,VCT,-4.470467935
GDP growth (annual %),NY.GDP.MKTP.KD.ZG,Sudan,SDN,3.858241952
GDP growth (annual %),NY.GDP.MKTP.KD.ZG,Suriname,SUR,5.168825152
GDP growth (annual %),NY.GDP.MKTP.KD.ZG,Sweden,SWE,5.952107008
GDP growth (annual %),NY.GDP.MKTP.KD.ZG,Switzerland,CHE,3.243397336
GDP growth (annual %),NY.GDP.MKTP.KD.ZG,Syrian Arab Republic,SYR,5.191905841
GDP growth (annual %),NY.GDP.MKTP.KD.ZG,Tajikistan,TJK,6.499999086
GDP growth (annual %),NY.GDP.MKTP.KD.ZG,Tanzania,TZA,6.336523427
GDP growth (annual %),NY.GDP.MKTP.KD.ZG,Thailand,THA,7.513390533
GDP growth (annual %),NY.GDP.MKTP.KD.ZG,Timor-Leste,TLS,9.331511766
GDP growth (annual %),NY.GDP.MKTP.KD.ZG,Togo,TGO,5.854352693
GDP growth (annual %),NY.GDP.MKTP.KD.ZG,Tonga,TON,0.803490183
GDP growth (annual %),NY.GDP.MKTP.KD.ZG,Trinidad and Tobago,TTO,3.32322471
GDP growth (annual %),NY.GDP.MKTP.KD.ZG,Tunisia,TUN,2.971132751
GDP growth (annual %),NY.GDP.MKTP.KD.ZG,Turkiye,TUR,8.427104323
GDP growth (annual %),NY.GDP.MKTP.KD.ZG,Turkmenistan,TKM,9.199999988
GDP growth (annual %),NY.GDP.MKTP.KD.ZG,Turks and Caicos Islands,TCA,..
GDP growth (annual %),NY.GDP.MKTP.KD.ZG,Tuvalu,TUV,-2.222222222
GDP growth (annual %),NY.GDP.MKTP.KD.ZG,Uganda,UGA,5.637611637
GDP growth (annual %),NY.GDP.MKTP.KD.ZG,Ukraine,UKR,4.092004367
GDP growth (annual %),NY.GDP.MKTP.KD.ZG,United Arab Emirates,ARE,1.602850048
GDP growth (annual %),NY.GDP.MKTP.KD.ZG,United Kingdom,GBR,2.238688634
GDP growth (annual %),NY.GDP.MKTP.KD.ZG,United States,USA,2.708856694
GDP growth (annual %),NY.GDP.MKTP.KD.ZG,Uruguay,URY,7.803409651
GDP growth (annual %),NY.GDP.MKTP.KD.ZG,Uzbekistan,UZB,7.597167961
GDP growth (annual %),NY.GDP.MKTP.KD.ZG,Vanuatu,VUT,1.258867203
GDP growth (annual %),NY.GDP.MKTP.KD.ZG,"Venezuela, RB",VEN,-1.488791251
GDP growth (annual %),NY.GDP.MKTP.KD.ZG,Viet Nam,VNM,6.423244822
GDP growth (annual %),NY.GDP.MKTP.KD.ZG,Virgin Islands (U.S.),VIR,0.596383224
GDP growth (annual %),NY.GDP.MKTP.KD.ZG,West Bank and Gaza,PSE,5.777362056
GDP growth (annual %),NY.GDP.MKTP.KD.ZG,"Yemen, Rep.",YEM,7.702307049
GDP growth (annual %),NY.GDP.MKTP.KD.ZG,Zambia,ZMB,10.29822332
GDP growth (annual %),NY.GDP.MKTP.KD.ZG,Zimbabwe,ZWE,21.45206092
